number1, g, grupp BIG, a, grupp B, Team 1, Team 4, Team 3
0.000000, 1, 0, 0, 0, 1, 0, 0
0.250000, 0, 1, 0, 0, 1, 0, 0
0.500000, 1, 0, 0, 0, 0, 1, 0
0.750000, 0, 0, 1, 0, 0, 0, 1
1.000000, 0, 0, 0, 1, 0, 1, 0
